{"train_time": 14.03952407836914, "test_auc": 0.5058986266346894, "test_time": 1.4470162391662598}